dublin,Dublin,Ireland
eu,Europe,EU
frankfurt,Frankfurt,DE
london,London,UK
montreal,Montreal,CA
mumbai,Mumbai,IN
oregon,Oregon,US
singapore,Singapore,SG
sydney,Sydney,AU
tokyo,Tokyo,JP
us,United States,US
virginia,Virginia,US
